id_code,type
Normal-1,0
Normal-10,0
Normal-100,0
Normal-1000,0
Normal-1001,0
Normal-1002,0
Normal-1003,0
Normal-1004,0
Normal-1005,0
Normal-1006,0
Normal-1007,0
Normal-1008,0
Normal-1009,0
Normal-101,0
Normal-1010,0
Normal-1011,0
Normal-1012,0
Normal-1013,0
Normal-1014,0
Normal-1015,0
Normal-1016,0
Normal-1017,0
Normal-1018,0
Normal-1019,0
Normal-102,0
Normal-1020,0
Normal-1021,0
Normal-1022,0
Normal-1023,0
Normal-1024,0
Normal-1025,0
Normal-1026,0
Normal-1027,0
Normal-1028,0
Normal-1029,0
Normal-103,0
Normal-1030,0
Normal-1031,0
Normal-1032,0
Normal-1033,0
Normal-1034,0
Normal-1035,0
Normal-1036,0
Normal-1037,0
Normal-1038,0
Normal-1039,0
Normal-104,0
Normal-1040,0
Normal-1041,0
Normal-1042,0
Normal-1043,0
Normal-1044,0
Normal-1045,0
Normal-1046,0
Normal-1047,0
Normal-1048,0
Normal-1049,0
Normal-105,0
Normal-1050,0
Normal-1051,0
Normal-1052,0
Normal-1053,0
Normal-1054,0
Normal-1055,0
Normal-1056,0
Normal-1057,0
Normal-1058,0
Normal-1059,0
Normal-106,0
Normal-1060,0
Normal-1061,0
Normal-1062,0
Normal-1063,0
Normal-1064,0
Normal-1065,0
Normal-1066,0
Normal-1067,0
Normal-1068,0
Normal-1069,0
Normal-107,0
Normal-1070,0
Normal-1071,0
Normal-1072,0
Normal-1073,0
Normal-1074,0
Normal-1075,0
Normal-1076,0
Normal-1077,0
Normal-1078,0
Normal-1079,0
Normal-108,0
Normal-1080,0
Normal-1081,0
Normal-1082,0
Normal-1083,0
Normal-1084,0
Normal-1085,0
Normal-1086,0
Normal-1087,0
Normal-1088,0
Normal-1089,0
Normal-109,0
Normal-1090,0
Normal-1091,0
Normal-1092,0
Normal-1093,0
Normal-1094,0
Normal-1095,0
Normal-1096,0
Normal-1097,0
Normal-1098,0
Normal-1099,0
Normal-11,0
Normal-110,0
Normal-1100,0
Normal-1101,0
Normal-1102,0
Normal-1103,0
Normal-1104,0
Normal-1105,0
Normal-1106,0
Normal-1107,0
Normal-1108,0
Normal-1109,0
Normal-111,0
Normal-1110,0
Normal-1111,0
Normal-1112,0
Normal-1113,0
Normal-1114,0
Normal-1115,0
Normal-1116,0
Normal-1117,0
Normal-1118,0
Normal-1119,0
Normal-112,0
Normal-1120,0
Normal-1121,0
Normal-1122,0
Normal-1123,0
Normal-1124,0
Normal-1125,0
Normal-1126,0
Normal-1127,0
Normal-1128,0
Normal-1129,0
Normal-113,0
Normal-1130,0
Normal-1131,0
Normal-1132,0
Normal-1133,0
Normal-1134,0
Normal-1135,0
Normal-1136,0
Normal-1137,0
Normal-1138,0
Normal-1139,0
Normal-114,0
Normal-1140,0
Normal-1141,0
Normal-1142,0
Normal-1143,0
Normal-1144,0
Normal-1145,0
Normal-1146,0
Normal-1147,0
Normal-1148,0
Normal-1149,0
Normal-115,0
Normal-1150,0
Normal-1151,0
Normal-1152,0
Normal-1153,0
Normal-1154,0
Normal-1155,0
Normal-1156,0
Normal-1157,0
Normal-1158,0
Normal-1159,0
Normal-116,0
Normal-1160,0
Normal-1161,0
Normal-1162,0
Normal-1163,0
Normal-1164,0
Normal-1165,0
Normal-1166,0
Normal-1167,0
Normal-1168,0
Normal-1169,0
Normal-117,0
Normal-1170,0
Normal-1171,0
Normal-1172,0
Normal-1173,0
Normal-1174,0
Normal-1175,0
Normal-1176,0
Normal-1177,0
Normal-1178,0
Normal-1179,0
Normal-118,0
Normal-1180,0
Normal-1181,0
Normal-1182,0
Normal-1183,0
Normal-1184,0
Normal-1185,0
Normal-1186,0
Normal-1187,0
Normal-1188,0
Normal-1189,0
Normal-119,0
Normal-1190,0
Normal-1191,0
Normal-1192,0
Normal-1193,0
Normal-1194,0
Normal-1195,0
Normal-1196,0
Normal-1197,0
Normal-1198,0
Normal-1199,0
Normal-12,0
Normal-120,0
Normal-1200,0
Normal-1201,0
Normal-1202,0
Normal-1203,0
Normal-1204,0
Normal-1205,0
Normal-1206,0
Normal-1207,0
Normal-1208,0
Normal-1209,0
Normal-121,0
Normal-1210,0
Normal-1211,0
Normal-1212,0
Normal-1213,0
Normal-1214,0
Normal-1215,0
Normal-1216,0
Normal-1217,0
Normal-1218,0
Normal-1219,0
Normal-122,0
Normal-1220,0
Normal-1221,0
Normal-1222,0
Normal-1223,0
Normal-1224,0
Normal-1225,0
Normal-1226,0
Normal-1227,0
Normal-1228,0
Normal-1229,0
Normal-123,0
Normal-1230,0
Normal-1231,0
Normal-1232,0
Normal-1233,0
Normal-1234,0
Normal-1235,0
Normal-1236,0
Normal-1237,0
Normal-1238,0
Normal-1239,0
Normal-124,0
Normal-1240,0
Normal-1241,0
Normal-1242,0
Normal-1243,0
Normal-1244,0
Normal-1245,0
Normal-1246,0
Normal-1247,0
Normal-1248,0
Normal-1249,0
Normal-125,0
Normal-1250,0
Normal-1251,0
Normal-1252,0
Normal-1253,0
Normal-1254,0
Normal-1255,0
Normal-1256,0
Normal-1257,0
Normal-1258,0
Normal-1259,0
Normal-126,0
Normal-1260,0
Normal-1261,0
Normal-1262,0
Normal-1263,0
Normal-1264,0
Normal-1265,0
Normal-1266,0
Normal-1267,0
Normal-1268,0
Normal-1269,0
Normal-127,0
Normal-1270,0
Normal-1271,0
Normal-1272,0
Normal-1273,0
Normal-1274,0
Normal-1275,0
Normal-1276,0
Normal-1277,0
Normal-1278,0
Normal-1279,0
Normal-128,0
Normal-1280,0
Normal-1281,0
Normal-1282,0
Normal-1283,0
Normal-1284,0
Normal-1285,0
Normal-1286,0
Normal-1287,0
Normal-1288,0
Normal-1289,0
Normal-129,0
Normal-1290,0
Normal-1291,0
Normal-1292,0
Normal-1293,0
Normal-1294,0
Normal-1295,0
Normal-1296,0
Normal-1297,0
Normal-1298,0
Normal-1299,0
Normal-13,0
Normal-130,0
Normal-1300,0
Normal-1301,0
Normal-1302,0
Normal-1303,0
Normal-1304,0
Normal-1305,0
Normal-1306,0
Normal-1307,0
Normal-1308,0
Normal-1309,0
Normal-131,0
Normal-1310,0
Normal-1311,0
Normal-1312,0
Normal-1313,0
Normal-1314,0
Normal-1315,0
Normal-1316,0
Normal-1317,0
Normal-1318,0
Normal-1319,0
Normal-132,0
Normal-1320,0
Normal-1321,0
Normal-1322,0
Normal-1323,0
Normal-1324,0
Normal-1325,0
Normal-1326,0
Normal-1327,0
Normal-1328,0
Normal-1329,0
Normal-133,0
Normal-1330,0
Normal-1331,0
Normal-1332,0
Normal-1333,0
Normal-1334,0
Normal-1335,0
Normal-1336,0
Normal-1337,0
Normal-1338,0
Normal-1339,0
Normal-134,0
Normal-1340,0
Normal-1341,0
Normal-1342,0
Normal-1343,0
Normal-1344,0
Normal-1345,0
Normal-1346,0
Normal-1347,0
Normal-1348,0
Normal-1349,0
Normal-135,0
Normal-1350,0
Normal-1351,0
Normal-1352,0
Normal-1353,0
Normal-1354,0
Normal-1355,0
Normal-1356,0
Normal-1357,0
Normal-1358,0
Normal-1359,0
Normal-136,0
Normal-1360,0
Normal-1361,0
Normal-1362,0
Normal-1363,0
Normal-1364,0
Normal-1365,0
Normal-1366,0
Normal-1367,0
Normal-1368,0
Normal-1369,0
Normal-137,0
Normal-1370,0
Normal-1371,0
Normal-1372,0
Normal-1373,0
Normal-1374,0
Normal-1375,0
Normal-1376,0
Normal-1377,0
Normal-1378,0
Normal-1379,0
Normal-138,0
Normal-1380,0
Normal-1381,0
Normal-1382,0
Normal-1383,0
Normal-1384,0
Normal-1385,0
Normal-1386,0
Normal-1387,0
Normal-1388,0
Normal-1389,0
Normal-139,0
Normal-1390,0
Normal-1391,0
Normal-1392,0
Normal-1393,0
Normal-1394,0
Normal-1395,0
Normal-1396,0
Normal-1397,0
Normal-1398,0
Normal-1399,0
Normal-14,0
Normal-140,0
Normal-1400,0
Normal-1401,0
Normal-1402,0
Normal-1403,0
Normal-1404,0
Normal-1405,0
Normal-1406,0
Normal-1407,0
Normal-1408,0
Normal-1409,0
Normal-141,0
Normal-1410,0
Normal-1411,0
Normal-1412,0
Normal-1413,0
Normal-1414,0
Normal-1415,0
Normal-1416,0
Normal-1417,0
Normal-1418,0
Normal-1419,0
Normal-142,0
Normal-1420,0
Normal-1421,0
Normal-1422,0
Normal-1423,0
Normal-1424,0
Normal-1425,0
Normal-1426,0
Normal-1427,0
Normal-1428,0
Normal-1429,0
Normal-143,0
Normal-1430,0
Normal-1431,0
Normal-1432,0
Normal-1433,0
Normal-1434,0
Normal-1435,0
Normal-1436,0
Normal-1437,0
Normal-1438,0
Normal-1439,0
Normal-144,0
Normal-1440,0
Normal-1441,0
Normal-1442,0
Normal-1443,0
Normal-1444,0
Normal-1445,0
Normal-1446,0
Normal-1447,0
Normal-1448,0
Normal-1449,0
Normal-145,0
Normal-1450,0
Normal-1451,0
Normal-1452,0
Normal-1453,0
Normal-1454,0
Normal-1455,0
Normal-1456,0
Normal-1457,0
Normal-1458,0
Normal-1459,0
Normal-146,0
Normal-1460,0
Normal-1461,0
Normal-1462,0
Normal-1463,0
Normal-1464,0
Normal-1465,0
Normal-1466,0
Normal-1467,0
Normal-1468,0
Normal-1469,0
Normal-147,0
Normal-1470,0
Normal-1471,0
Normal-1472,0
Normal-1473,0
Normal-1474,0
Normal-1475,0
Normal-1476,0
Normal-1477,0
Normal-1478,0
Normal-1479,0
Normal-148,0
Normal-1480,0
Normal-1481,0
Normal-1482,0
Normal-1483,0
Normal-1484,0
Normal-1485,0
Normal-1486,0
Normal-1487,0
Normal-1488,0
Normal-1489,0
Normal-149,0
Normal-1490,0
Normal-1491,0
Normal-1492,0
Normal-1493,0
Normal-1494,0
Normal-1495,0
Normal-1496,0
Normal-1497,0
Normal-1498,0
Normal-1499,0
Normal-15,0
Normal-150,0
Normal-1500,0
Normal-1501,0
Normal-1502,0
Normal-1503,0
Normal-1504,0
Normal-1505,0
Normal-1506,0
Normal-1507,0
Normal-1508,0
Normal-1509,0
Normal-151,0
Normal-1510,0
Normal-1511,0
Normal-1512,0
Normal-1513,0
Normal-1514,0
Normal-1515,0
Normal-1516,0
Normal-1517,0
Normal-1518,0
Normal-1519,0
Normal-152,0
Normal-1520,0
Normal-1521,0
Normal-1522,0
Normal-1523,0
Normal-1524,0
Normal-1525,0
Normal-1526,0
Normal-1527,0
Normal-1528,0
Normal-1529,0
Normal-153,0
Normal-1530,0
Normal-1531,0
Normal-1532,0
Normal-1533,0
Normal-1534,0
Normal-1535,0
Normal-1536,0
Normal-1537,0
Normal-1538,0
Normal-1539,0
Normal-154,0
Normal-1540,0
Normal-1541,0
Normal-1542,0
Normal-1543,0
Normal-1544,0
Normal-1545,0
Normal-1546,0
Normal-1547,0
Normal-1548,0
Normal-1549,0
Normal-155,0
Normal-1550,0
Normal-1551,0
Normal-1552,0
Normal-1553,0
Normal-1554,0
Normal-1555,0
Normal-1556,0
Normal-1557,0
Normal-1558,0
Normal-1559,0
Normal-156,0
Normal-1560,0
Normal-1561,0
Normal-1562,0
Normal-1563,0
Normal-1564,0
Normal-1565,0
Normal-1566,0
Normal-1567,0
Normal-1568,0
Normal-1569,0
Normal-157,0
Normal-1570,0
Normal-1571,0
Normal-1572,0
Normal-1573,0
Normal-1574,0
Normal-1575,0
Normal-1576,0
Normal-1577,0
Normal-1578,0
Normal-1579,0
Normal-158,0
Normal-1580,0
Normal-1581,0
Normal-1582,0
Normal-1583,0
Normal-1584,0
Normal-1585,0
Normal-1586,0
Normal-1587,0
Normal-1588,0
Normal-1589,0
Normal-159,0
Normal-1590,0
Normal-1591,0
Normal-1592,0
Normal-1593,0
Normal-1594,0
Normal-1595,0
Normal-1596,0
Normal-1597,0
Normal-1598,0
Normal-1599,0
Normal-16,0
Normal-160,0
Normal-1600,0
Normal-1601,0
Normal-1602,0
Normal-1603,0
Normal-1604,0
Normal-1605,0
Normal-1606,0
Normal-1607,0
Normal-1608,0
Normal-1609,0
Normal-161,0
Normal-1610,0
Normal-1611,0
Normal-1612,0
Normal-1613,0
Normal-1614,0
Normal-1615,0
Normal-1616,0
Normal-1617,0
Normal-1618,0
Normal-1619,0
Normal-162,0
Normal-1620,0
Normal-1621,0
Normal-1622,0
Normal-1623,0
Normal-1624,0
Normal-1625,0
Normal-1626,0
Normal-1627,0
Normal-1628,0
Normal-1629,0
Normal-163,0
Normal-1630,0
Normal-1631,0
Normal-1632,0
Normal-1633,0
Normal-1634,0
Normal-1635,0
Normal-1636,0
Normal-1637,0
Normal-1638,0
Normal-1639,0
Normal-164,0
Normal-1640,0
Normal-1641,0
Normal-1642,0
Normal-1643,0
Normal-1644,0
Normal-1645,0
Normal-1646,0
Normal-1647,0
Normal-1648,0
Normal-1649,0
Normal-165,0
Normal-1650,0
Normal-1651,0
Normal-1652,0
Normal-1653,0
Normal-1654,0
Normal-1655,0
Normal-1656,0
Normal-1657,0
Normal-1658,0
Normal-1659,0
Normal-166,0
Normal-1660,0
Normal-1661,0
Normal-1662,0
Normal-1663,0
Normal-1664,0
Normal-1665,0
Normal-1666,0
Normal-1667,0
Normal-1668,0
Normal-1669,0
Normal-167,0
Normal-1670,0
Normal-1671,0
Normal-1672,0
Normal-1673,0
Normal-1674,0
Normal-1675,0
Normal-1676,0
Normal-1677,0
Normal-1678,0
Normal-1679,0
Normal-168,0
Normal-1680,0
Normal-1681,0
Normal-1682,0
Normal-1683,0
Normal-1684,0
Normal-1685,0
Normal-1686,0
Normal-1687,0
Normal-1688,0
Normal-1689,0
Normal-169,0
Normal-1690,0
Normal-1691,0
Normal-1692,0
Normal-1693,0
Normal-1694,0
Normal-1695,0
Normal-1696,0
Normal-1697,0
Normal-1698,0
Normal-1699,0
Normal-17,0
Normal-170,0
Normal-1700,0
Normal-1701,0
Normal-1702,0
Normal-1703,0
Normal-1704,0
Normal-1705,0
Normal-1706,0
Normal-1707,0
Normal-1708,0
Normal-1709,0
Normal-171,0
Normal-1710,0
Normal-1711,0
Normal-1712,0
Normal-1713,0
Normal-1714,0
Normal-1715,0
Normal-1716,0
Normal-1717,0
Normal-1718,0
Normal-1719,0
Normal-172,0
Normal-1720,0
Normal-1721,0
Normal-1722,0
Normal-1723,0
Normal-1724,0
Normal-1725,0
Normal-1726,0
Normal-1727,0
Normal-1728,0
Normal-1729,0
Normal-173,0
Normal-1730,0
Normal-1731,0
Normal-1732,0
Normal-1733,0
Normal-1734,0
Normal-1735,0
Normal-1736,0
Normal-1737,0
Normal-1738,0
Normal-1739,0
Normal-174,0
Normal-1740,0
Normal-1741,0
Normal-1742,0
Normal-1743,0
Normal-1744,0
Normal-1745,0
Normal-1746,0
Normal-1747,0
Normal-1748,0
Normal-1749,0
Normal-175,0
Normal-1750,0
Normal-1751,0
Normal-1752,0
Normal-1753,0
Normal-1754,0
Normal-1755,0
Normal-1756,0
Normal-1757,0
Normal-1758,0
Normal-1759,0
Normal-176,0
Normal-1760,0
Normal-1761,0
Normal-1762,0
Normal-1763,0
Normal-1764,0
Normal-1765,0
Normal-1766,0
Normal-1767,0
Normal-1768,0
Normal-1769,0
Normal-177,0
Normal-1770,0
Normal-1771,0
Normal-1772,0
Normal-1773,0
Normal-1774,0
Normal-1775,0
Normal-1776,0
Normal-1777,0
Normal-1778,0
Normal-1779,0
Normal-178,0
Normal-1780,0
Normal-1781,0
Normal-1782,0
Normal-1783,0
Normal-1784,0
Normal-1785,0
Normal-1786,0
Normal-1787,0
Normal-1788,0
Normal-1789,0
Normal-179,0
Normal-1790,0
Normal-1791,0
Normal-1792,0
Normal-1793,0
Normal-1794,0
Normal-1795,0
Normal-1796,0
Normal-1797,0
Normal-1798,0
Normal-1799,0
Normal-18,0
Normal-180,0
Normal-1800,0
Normal-1801,0
Normal-1802,0
Normal-1803,0
Normal-1804,0
Normal-1805,0
Normal-1806,0
Normal-1807,0
Normal-1808,0
Normal-1809,0
Normal-181,0
Normal-1810,0
Normal-1811,0
Normal-1812,0
Normal-1813,0
Normal-1814,0
Normal-1815,0
Normal-1816,0
Normal-1817,0
Normal-1818,0
Normal-1819,0
Normal-182,0
Normal-1820,0
Normal-1821,0
Normal-1822,0
Normal-1823,0
Normal-1824,0
Normal-1825,0
Normal-1826,0
Normal-1827,0
Normal-1828,0
Normal-1829,0
Normal-183,0
Normal-1830,0
Normal-1831,0
Normal-1832,0
Normal-1833,0
Normal-1834,0
Normal-1835,0
Normal-1836,0
Normal-1837,0
Normal-1838,0
Normal-1839,0
Normal-184,0
Normal-1840,0
Normal-1841,0
Normal-1842,0
Normal-1843,0
Normal-1844,0
Normal-1845,0
Normal-1846,0
Normal-1847,0
Normal-1848,0
Normal-1849,0
Normal-185,0
Normal-1850,0
Normal-1851,0
Normal-1852,0
Normal-1853,0
Normal-1854,0
Normal-1855,0
Normal-1856,0
Normal-1857,0
Normal-1858,0
Normal-1859,0
Normal-186,0
Normal-1860,0
Normal-1861,0
Normal-1862,0
Normal-1863,0
Normal-1864,0
Normal-1865,0
Normal-1866,0
Normal-1867,0
Normal-1868,0
Normal-1869,0
Normal-187,0
Normal-1870,0
Normal-1871,0
Normal-1872,0
Normal-1873,0
Normal-1874,0
Normal-1875,0
Normal-1876,0
Normal-1877,0
Normal-1878,0
Normal-1879,0
Normal-188,0
Normal-1880,0
Normal-1881,0
Normal-1882,0
Normal-1883,0
Normal-1884,0
Normal-1885,0
Normal-1886,0
Normal-1887,0
Normal-1888,0
Normal-1889,0
Normal-189,0
Normal-1890,0
Normal-1891,0
Normal-1892,0
Normal-1893,0
Normal-1894,0
Normal-1895,0
Normal-1896,0
Normal-1897,0
Normal-1898,0
Normal-1899,0
Normal-19,0
Normal-190,0
Normal-1900,0
Normal-1901,0
Normal-1902,0
Normal-1903,0
Normal-1904,0
Normal-1905,0
Normal-1906,0
Normal-1907,0
Normal-1908,0
Normal-1909,0
Normal-191,0
Normal-1910,0
Normal-1911,0
Normal-1912,0
Normal-1913,0
Normal-1914,0
Normal-1915,0
Normal-1916,0
Normal-1917,0
Normal-1918,0
Normal-1919,0
Normal-192,0
Normal-1920,0
Normal-1921,0
Normal-1922,0
Normal-1923,0
Normal-1924,0
Normal-1925,0
Normal-1926,0
Normal-1927,0
Normal-1928,0
Normal-1929,0
Normal-193,0
Normal-1930,0
Normal-1931,0
Normal-1932,0
Normal-1933,0
Normal-1934,0
Normal-1935,0
Normal-1936,0
Normal-1937,0
Normal-1938,0
Normal-1939,0
Normal-194,0
Normal-1940,0
Normal-1941,0
Normal-1942,0
Normal-1943,0
Normal-1944,0
Normal-1945,0
Normal-1946,0
Normal-1947,0
Normal-1948,0
Normal-1949,0
Normal-195,0
Normal-1950,0
Normal-1951,0
Normal-1952,0
Normal-1953,0
Normal-1954,0
Normal-1955,0
Normal-1956,0
Normal-1957,0
Normal-1958,0
Normal-1959,0
Normal-196,0
Normal-1960,0
Normal-1961,0
Normal-1962,0
Normal-1963,0
Normal-1964,0
Normal-1965,0
Normal-1966,0
Normal-1967,0
Normal-1968,0
Normal-1969,0
Normal-197,0
Normal-1970,0
Normal-1971,0
Normal-1972,0
Normal-1973,0
Normal-1974,0
Normal-1975,0
Normal-1976,0
Normal-1977,0
Normal-1978,0
Normal-1979,0
Normal-198,0
Normal-1980,0
Normal-1981,0
Normal-1982,0
Normal-1983,0
Normal-1984,0
Normal-1985,0
Normal-1986,0
Normal-1987,0
Normal-1988,0
Normal-1989,0
Normal-199,0
Normal-1990,0
Normal-1991,0
Normal-1992,0
Normal-1993,0
Normal-1994,0
Normal-1995,0
Normal-1996,0
Normal-1997,0
Normal-1998,0
Normal-1999,0
Normal-2,0
Normal-20,0
Normal-200,0
Normal-2000,0
Normal-2001,0
Normal-2002,0
Normal-2003,0
Normal-2004,0
Normal-2005,0
Normal-2006,0
Normal-2007,0
Normal-2008,0
Normal-2009,0
Normal-201,0
Normal-2010,0
Normal-2011,0
Normal-2012,0
Normal-2013,0
Normal-2014,0
Normal-2015,0
Normal-2016,0
Normal-2017,0
Normal-2018,0
Normal-2019,0
Normal-202,0
Normal-2020,0
Normal-2021,0
Normal-2022,0
Normal-2023,0
Normal-2024,0
Normal-2025,0
Normal-2026,0
Normal-2027,0
Normal-2028,0
Normal-2029,0
Normal-203,0
Normal-2030,0
Normal-2031,0
Normal-2032,0
Normal-2033,0
Normal-2034,0
Normal-2035,0
Normal-2036,0
Normal-2037,0
Normal-2038,0
Normal-2039,0
Normal-204,0
Normal-2040,0
Normal-2041,0
Normal-2042,0
Normal-2043,0
Normal-2044,0
Normal-2045,0
Normal-2046,0
Normal-2047,0
Normal-2048,0
Normal-2049,0
Normal-205,0
Normal-2050,0
Normal-2051,0
Normal-2052,0
Normal-2053,0
Normal-2054,0
Normal-2055,0
Normal-2056,0
Normal-2057,0
Normal-2058,0
Normal-2059,0
Normal-206,0
Normal-2060,0
Normal-2061,0
Normal-2062,0
Normal-2063,0
Normal-2064,0
Normal-2065,0
Normal-2066,0
Normal-2067,0
Normal-2068,0
Normal-2069,0
Normal-207,0
Normal-2070,0
Normal-2071,0
Normal-2072,0
Normal-2073,0
Normal-2074,0
Normal-2075,0
Normal-2076,0
Normal-2077,0
Normal-2078,0
Normal-2079,0
Normal-208,0
Normal-2080,0
Normal-2081,0
Normal-2082,0
Normal-2083,0
Normal-2084,0
Normal-2085,0
Normal-2086,0
Normal-2087,0
Normal-2088,0
Normal-2089,0
Normal-209,0
Normal-2090,0
Normal-2091,0
Normal-2092,0
Normal-2093,0
Normal-2094,0
Normal-2095,0
Normal-2096,0
Normal-2097,0
Normal-2098,0
Normal-2099,0
Normal-21,0
Normal-210,0
Normal-2100,0
Normal-2101,0
Normal-2102,0
Normal-2103,0
Normal-2104,0
Normal-2105,0
Normal-2106,0
Normal-2107,0
Normal-2108,0
Normal-2109,0
Normal-211,0
Normal-2110,0
Normal-2111,0
Normal-2112,0
Normal-2113,0
Normal-2114,0
Normal-2115,0
Normal-2116,0
Normal-2117,0
Normal-2118,0
Normal-2119,0
Normal-212,0
Normal-2120,0
Normal-2121,0
Normal-2122,0
Normal-2123,0
Normal-2124,0
Normal-2125,0
Normal-2126,0
Normal-2127,0
Normal-2128,0
Normal-2129,0
Normal-213,0
Normal-2130,0
Normal-2131,0
Normal-2132,0
Normal-2133,0
Normal-2134,0
Normal-2135,0
Normal-2136,0
Normal-2137,0
Normal-2138,0
Normal-2139,0
Normal-214,0
Normal-2140,0
Normal-2141,0
Normal-2142,0
Normal-2143,0
Normal-2144,0
Normal-2145,0
Normal-2146,0
Normal-2147,0
Normal-2148,0
Normal-2149,0
Normal-215,0
Normal-2150,0
Normal-2151,0
Normal-2152,0
Normal-2153,0
Normal-2154,0
Normal-2155,0
Normal-2156,0
Normal-2157,0
Normal-2158,0
Normal-2159,0
Normal-216,0
Normal-2160,0
Normal-2161,0
Normal-2162,0
Normal-2163,0
Normal-2164,0
Normal-2165,0
Normal-2166,0
Normal-2167,0
Normal-2168,0
Normal-2169,0
Normal-217,0
Normal-2170,0
Normal-2171,0
Normal-2172,0
Normal-2173,0
Normal-2174,0
Normal-2175,0
Normal-2176,0
Normal-2177,0
Normal-2178,0
Normal-2179,0
Normal-218,0
Normal-2180,0
Normal-2181,0
Normal-2182,0
Normal-2183,0
Normal-2184,0
Normal-2185,0
Normal-2186,0
Normal-2187,0
Normal-2188,0
Normal-2189,0
Normal-219,0
Normal-2190,0
Normal-2191,0
Normal-2192,0
Normal-2193,0
Normal-2194,0
Normal-2195,0
Normal-2196,0
Normal-2197,0
Normal-2198,0
Normal-2199,0
Normal-22,0
Normal-220,0
Normal-2200,0
Normal-2201,0
Normal-2202,0
Normal-2203,0
Normal-2204,0
Normal-2205,0
Normal-2206,0
Normal-2207,0
Normal-2208,0
Normal-2209,0
Normal-221,0
Normal-2210,0
Normal-2211,0
Normal-2212,0
Normal-2213,0
Normal-2214,0
Normal-2215,0
Normal-2216,0
Normal-2217,0
Normal-2218,0
Normal-2219,0
Normal-222,0
Normal-2220,0
Normal-2221,0
Normal-2222,0
Normal-2223,0
Normal-2224,0
Normal-2225,0
Normal-2226,0
Normal-2227,0
Normal-2228,0
Normal-2229,0
Normal-223,0
Normal-2230,0
Normal-2231,0
Normal-2232,0
Normal-2233,0
Normal-2234,0
Normal-2235,0
Normal-2236,0
Normal-2237,0
Normal-2238,0
Normal-2239,0
Normal-224,0
Normal-2240,0
Normal-2241,0
Normal-2242,0
Normal-2243,0
Normal-2244,0
Normal-2245,0
Normal-2246,0
Normal-2247,0
Normal-2248,0
Normal-2249,0
Normal-225,0
Normal-2250,0
Normal-2251,0
Normal-2252,0
Normal-2253,0
Normal-2254,0
Normal-2255,0
Normal-2256,0
Normal-2257,0
Normal-2258,0
Normal-2259,0
Normal-226,0
Normal-2260,0
Normal-2261,0
Normal-2262,0
Normal-2263,0
Normal-2264,0
Normal-2265,0
Normal-2266,0
Normal-2267,0
Normal-2268,0
Normal-2269,0
Normal-227,0
Normal-2270,0
Normal-2271,0
Normal-2272,0
Normal-2273,0
Normal-2274,0
Normal-2275,0
Normal-2276,0
Normal-2277,0
Normal-2278,0
Normal-2279,0
Normal-228,0
Normal-2280,0
Normal-2281,0
Normal-2282,0
Normal-2283,0
Normal-2284,0
Normal-2285,0
Normal-2286,0
Normal-2287,0
Normal-2288,0
Normal-2289,0
Normal-229,0
Normal-2290,0
Normal-2291,0
Normal-2292,0
Normal-2293,0
Normal-2294,0
Normal-2295,0
Normal-2296,0
Normal-2297,0
Normal-2298,0
Normal-2299,0
Normal-23,0
Normal-230,0
Normal-2300,0
Normal-2301,0
Normal-2302,0
Normal-2303,0
Normal-2304,0
Normal-2305,0
Normal-2306,0
Normal-2307,0
Normal-2308,0
Normal-2309,0
Normal-231,0
Normal-2310,0
Normal-2311,0
Normal-2312,0
Normal-2313,0
Normal-2314,0
Normal-2315,0
Normal-2316,0
Normal-2317,0
Normal-2318,0
Normal-2319,0
Normal-232,0
Normal-2320,0
Normal-2321,0
Normal-2322,0
Normal-2323,0
Normal-2324,0
Normal-2325,0
Normal-2326,0
Normal-2327,0
Normal-2328,0
Normal-2329,0
Normal-233,0
Normal-2330,0
Normal-2331,0
Normal-2332,0
Normal-2333,0
Normal-2334,0
Normal-2335,0
Normal-2336,0
Normal-2337,0
Normal-2338,0
Normal-2339,0
Normal-234,0
Normal-2340,0
Normal-2341,0
Normal-2342,0
Normal-2343,0
Normal-2344,0
Normal-2345,0
Normal-2346,0
Normal-2347,0
Normal-2348,0
Normal-2349,0
Normal-235,0
Normal-2350,0
Normal-2351,0
Normal-2352,0
Normal-2353,0
Normal-2354,0
Normal-2355,0
Normal-2356,0
Normal-2357,0
Normal-2358,0
Normal-2359,0
Normal-236,0
Normal-2360,0
Normal-2361,0
Normal-2362,0
Normal-2363,0
Normal-2364,0
Normal-2365,0
Normal-2366,0
Normal-2367,0
Normal-2368,0
Normal-2369,0
Normal-237,0
Normal-2370,0
Normal-2371,0
Normal-2372,0
Normal-2373,0
Normal-2374,0
Normal-2375,0
Normal-2376,0
Normal-2377,0
Normal-2378,0
Normal-2379,0
Normal-238,0
Normal-2380,0
Normal-2381,0
Normal-2382,0
Normal-2383,0
Normal-2384,0
Normal-2385,0
Normal-2386,0
Normal-2387,0
Normal-2388,0
Normal-2389,0
Normal-239,0
Normal-2390,0
Normal-2391,0
Normal-2392,0
Normal-2393,0
Normal-2394,0
Normal-2395,0
Normal-2396,0
Normal-2397,0
Normal-2398,0
Normal-2399,0
Normal-24,0
Normal-240,0
Normal-2400,0
Normal-2401,0
Normal-2402,0
Normal-2403,0
Normal-2404,0
Normal-2405,0
Normal-2406,0
Normal-2407,0
Normal-2408,0
Normal-2409,0
Normal-241,0
Normal-2410,0
Normal-2411,0
Normal-2412,0
Normal-2413,0
Normal-2414,0
Normal-2415,0
Normal-2416,0
Normal-2417,0
Normal-2418,0
Normal-2419,0
Normal-242,0
Normal-2420,0
Normal-2421,0
Normal-2422,0
Normal-2423,0
Normal-2424,0
Normal-2425,0
Normal-2426,0
Normal-2427,0
Normal-2428,0
Normal-2429,0
Normal-243,0
Normal-2430,0
Normal-2431,0
Normal-2432,0
Normal-2433,0
Normal-2434,0
Normal-2435,0
Normal-2436,0
Normal-2437,0
Normal-2438,0
Normal-2439,0
Normal-244,0
Normal-2440,0
Normal-2441,0
Normal-2442,0
Normal-2443,0
Normal-2444,0
Normal-2445,0
Normal-2446,0
Normal-2447,0
Normal-2448,0
Normal-2449,0
Normal-245,0
Normal-2450,0
Normal-2451,0
Normal-2452,0
Normal-2453,0
Normal-2454,0
Normal-2455,0
Normal-2456,0
Normal-2457,0
Normal-2458,0
Normal-2459,0
Normal-246,0
Normal-2460,0
Normal-2461,0
Normal-2462,0
Normal-2463,0
Normal-2464,0
Normal-2465,0
Normal-2466,0
Normal-2467,0
Normal-2468,0
Normal-2469,0
Normal-247,0
Normal-2470,0
Normal-2471,0
Normal-2472,0
Normal-2473,0
Normal-2474,0
Normal-2475,0
Normal-2476,0
Normal-2477,0
Normal-2478,0
Normal-2479,0
Normal-248,0
Normal-2480,0
Normal-2481,0
Normal-2482,0
Normal-2483,0
Normal-2484,0
Normal-2485,0
Normal-2486,0
Normal-2487,0
Normal-2488,0
Normal-2489,0
Normal-249,0
Normal-2490,0
Normal-2491,0
Normal-2492,0
Normal-2493,0
Normal-2494,0
Normal-2495,0
Normal-2496,0
Normal-2497,0
Normal-2498,0
Normal-2499,0
Normal-25,0
Normal-250,0
Normal-2500,0
Normal-2501,0
Normal-2502,0
Normal-2503,0
Normal-2504,0
Normal-2505,0
Normal-2506,0
Normal-2507,0
Normal-2508,0
Normal-2509,0
Normal-251,0
Normal-2510,0
Normal-2511,0
Normal-2512,0
Normal-2513,0
Normal-2514,0
Normal-2515,0
Normal-2516,0
Normal-2517,0
Normal-2518,0
Normal-2519,0
Normal-252,0
Normal-2520,0
Normal-2521,0
Normal-2522,0
Normal-2523,0
Normal-2524,0
Normal-2525,0
Normal-2526,0
Normal-2527,0
Normal-2528,0
Normal-2529,0
Normal-253,0
Normal-2530,0
Normal-2531,0
Normal-2532,0
Normal-2533,0
Normal-2534,0
Normal-2535,0
Normal-2536,0
Normal-2537,0
Normal-2538,0
Normal-2539,0
Normal-254,0
Normal-2540,0
Normal-2541,0
Normal-2542,0
Normal-2543,0
Normal-2544,0
Normal-2545,0
Normal-2546,0
Normal-2547,0
Normal-2548,0
Normal-2549,0
Normal-255,0
Normal-2550,0
Normal-2551,0
Normal-2552,0
Normal-2553,0
Normal-2554,0
Normal-2555,0
Normal-2556,0
Normal-2557,0
Normal-2558,0
Normal-2559,0
Normal-256,0
Normal-2560,0
Normal-2561,0
Normal-2562,0
Normal-2563,0
Normal-2564,0
Normal-2565,0
Normal-2566,0
Normal-2567,0
Normal-2568,0
Normal-2569,0
Normal-257,0
Normal-2570,0
Normal-2571,0
Normal-2572,0
Normal-2573,0
Normal-2574,0
Normal-2575,0
Normal-2576,0
Normal-2577,0
Normal-2578,0
Normal-2579,0
Normal-258,0
Normal-2580,0
Normal-2581,0
Normal-2582,0
Normal-2583,0
Normal-2584,0
Normal-2585,0
Normal-2586,0
Normal-2587,0
Normal-2588,0
Normal-2589,0
Normal-259,0
Normal-2590,0
Normal-2591,0
Normal-2592,0
Normal-2593,0
Normal-2594,0
Normal-2595,0
Normal-2596,0
Normal-2597,0
Normal-2598,0
Normal-2599,0
Normal-26,0
Normal-260,0
Normal-2600,0
Normal-2601,0
Normal-2602,0
Normal-2603,0
Normal-2604,0
Normal-2605,0
Normal-2606,0
Normal-2607,0
Normal-2608,0
Normal-2609,0
Normal-261,0
Normal-2610,0
Normal-2611,0
Normal-2612,0
Normal-2613,0
Normal-2614,0
Normal-2615,0
Normal-2616,0
Normal-2617,0
Normal-2618,0
Normal-2619,0
Normal-262,0
Normal-2620,0
Normal-2621,0
Normal-2622,0
Normal-2623,0
Normal-2624,0
Normal-2625,0
Normal-2626,0
Normal-2627,0
Normal-2628,0
Normal-2629,0
Normal-263,0
Normal-2630,0
Normal-2631,0
Normal-2632,0
Normal-2633,0
Normal-2634,0
Normal-2635,0
Normal-2636,0
Normal-2637,0
Normal-2638,0
Normal-2639,0
Normal-264,0
Normal-2640,0
Normal-2641,0
Normal-2642,0
Normal-2643,0
Normal-2644,0
Normal-2645,0
Normal-2646,0
Normal-2647,0
Normal-2648,0
Normal-2649,0
Normal-265,0
Normal-2650,0
Normal-2651,0
Normal-2652,0
Normal-2653,0
Normal-2654,0
Normal-2655,0
Normal-2656,0
Normal-2657,0
Normal-2658,0
Normal-2659,0
Normal-266,0
Normal-2660,0
Normal-2661,0
Normal-2662,0
Normal-2663,0
Normal-2664,0
Normal-2665,0
Normal-2666,0
Normal-2667,0
Normal-2668,0
Normal-2669,0
Normal-267,0
Normal-2670,0
Normal-2671,0
Normal-2672,0
Normal-2673,0
Normal-2674,0
Normal-2675,0
Normal-2676,0
Normal-2677,0
Normal-2678,0
Normal-2679,0
Normal-268,0
Normal-2680,0
Normal-2681,0
Normal-2682,0
Normal-2683,0
Normal-2684,0
Normal-2685,0
Normal-2686,0
Normal-2687,0
Normal-2688,0
Normal-2689,0
Normal-269,0
Normal-2690,0
Normal-2691,0
Normal-2692,0
Normal-2693,0
Normal-2694,0
Normal-2695,0
Normal-2696,0
Normal-2697,0
Normal-2698,0
Normal-2699,0
Normal-27,0
Normal-270,0
Normal-2700,0
Normal-2701,0
Normal-2702,0
Normal-2703,0
Normal-2704,0
Normal-2705,0
Normal-2706,0
Normal-2707,0
Normal-2708,0
Normal-2709,0
Normal-271,0
Normal-2710,0
Normal-2711,0
Normal-2712,0
Normal-2713,0
Normal-2714,0
Normal-2715,0
Normal-2716,0
Normal-2717,0
Normal-2718,0
Normal-2719,0
Normal-272,0
Normal-2720,0
Normal-2721,0
Normal-2722,0
Normal-2723,0
Normal-2724,0
Normal-2725,0
Normal-2726,0
Normal-2727,0
Normal-2728,0
Normal-2729,0
Normal-273,0
Normal-2730,0
Normal-2731,0
Normal-2732,0
Normal-2733,0
Normal-2734,0
Normal-2735,0
Normal-2736,0
Normal-2737,0
Normal-2738,0
Normal-2739,0
Normal-274,0
Normal-2740,0
Normal-2741,0
Normal-2742,0
Normal-2743,0
Normal-2744,0
Normal-2745,0
Normal-2746,0
Normal-2747,0
Normal-2748,0
Normal-2749,0
Normal-275,0
Normal-2750,0
Normal-2751,0
Normal-2752,0
Normal-2753,0
Normal-2754,0
Normal-2755,0
Normal-2756,0
Normal-2757,0
Normal-2758,0
Normal-2759,0
Normal-276,0
Normal-2760,0
Normal-2761,0
Normal-2762,0
Normal-2763,0
Normal-2764,0
Normal-2765,0
Normal-2766,0
Normal-2767,0
Normal-2768,0
Normal-2769,0
Normal-277,0
Normal-2770,0
Normal-2771,0
Normal-2772,0
Normal-2773,0
Normal-2774,0
Normal-2775,0
Normal-2776,0
Normal-2777,0
Normal-2778,0
Normal-2779,0
Normal-278,0
Normal-2780,0
Normal-2781,0
Normal-2782,0
Normal-2783,0
Normal-2784,0
Normal-2785,0
Normal-2786,0
Normal-2787,0
Normal-2788,0
Normal-2789,0
Normal-279,0
Normal-2790,0
Normal-2791,0
Normal-2792,0
Normal-2793,0
Normal-2794,0
Normal-2795,0
Normal-2796,0
Normal-2797,0
Normal-2798,0
Normal-2799,0
Normal-28,0
Normal-280,0
Normal-2800,0
Normal-2801,0
Normal-2802,0
Normal-2803,0
Normal-2804,0
Normal-2805,0
Normal-2806,0
Normal-2807,0
Normal-2808,0
Normal-2809,0
Normal-281,0
Normal-2810,0
Normal-2811,0
Normal-2812,0
Normal-2813,0
Normal-2814,0
Normal-2815,0
Normal-2816,0
Normal-2817,0
Normal-2818,0
Normal-2819,0
Normal-282,0
Normal-2820,0
Normal-2821,0
Normal-2822,0
Normal-2823,0
Normal-2824,0
Normal-2825,0
Normal-2826,0
Normal-2827,0
Normal-2828,0
Normal-2829,0
Normal-283,0
Normal-2830,0
Normal-2831,0
Normal-2832,0
Normal-2833,0
Normal-2834,0
Normal-2835,0
Normal-2836,0
Normal-2837,0
Normal-2838,0
Normal-2839,0
Normal-284,0
Normal-2840,0
Normal-2841,0
Normal-2842,0
Normal-2843,0
Normal-2844,0
Normal-2845,0
Normal-2846,0
Normal-2847,0
Normal-2848,0
Normal-2849,0
Normal-285,0
Normal-2850,0
Normal-2851,0
Normal-2852,0
Normal-2853,0
Normal-2854,0
Normal-2855,0
Normal-2856,0
Normal-2857,0
Normal-2858,0
Normal-2859,0
Normal-286,0
Normal-2860,0
Normal-2861,0
Normal-2862,0
Normal-2863,0
Normal-2864,0
Normal-2865,0
Normal-2866,0
Normal-2867,0
Normal-2868,0
Normal-2869,0
Normal-287,0
Normal-2870,0
Normal-2871,0
Normal-2872,0
Normal-2873,0
Normal-2874,0
Normal-2875,0
Normal-2876,0
Normal-2877,0
Normal-2878,0
Normal-2879,0
Normal-288,0
Normal-2880,0
Normal-2881,0
Normal-2882,0
Normal-2883,0
Normal-2884,0
Normal-2885,0
Normal-2886,0
Normal-2887,0
Normal-2888,0
Normal-2889,0
Normal-289,0
Normal-2890,0
Normal-2891,0
Normal-2892,0
Normal-2893,0
Normal-2894,0
Normal-2895,0
Normal-2896,0
Normal-2897,0
Normal-2898,0
Normal-2899,0
Normal-29,0
Normal-290,0
Normal-2900,0
Normal-2901,0
Normal-2902,0
Normal-2903,0
Normal-2904,0
Normal-2905,0
Normal-2906,0
Normal-2907,0
Normal-2908,0
Normal-2909,0
Normal-291,0
Normal-2910,0
Normal-2911,0
Normal-2912,0
Normal-2913,0
Normal-2914,0
Normal-2915,0
Normal-2916,0
Normal-2917,0
Normal-2918,0
Normal-2919,0
Normal-292,0
Normal-2920,0
Normal-2921,0
Normal-2922,0
Normal-2923,0
Normal-2924,0
Normal-2925,0
Normal-2926,0
Normal-2927,0
Normal-2928,0
Normal-2929,0
Normal-293,0
Normal-2930,0
Normal-2931,0
Normal-2932,0
Normal-2933,0
Normal-2934,0
Normal-2935,0
Normal-2936,0
Normal-2937,0
Normal-2938,0
Normal-2939,0
Normal-294,0
Normal-2940,0
Normal-2941,0
Normal-2942,0
Normal-2943,0
Normal-2944,0
Normal-2945,0
Normal-2946,0
Normal-2947,0
Normal-2948,0
Normal-2949,0
Normal-295,0
Normal-2950,0
Normal-2951,0
Normal-2952,0
Normal-2953,0
Normal-2954,0
Normal-2955,0
Normal-2956,0
Normal-2957,0
Normal-2958,0
Normal-2959,0
Normal-296,0
Normal-2960,0
Normal-2961,0
Normal-2962,0
Normal-2963,0
Normal-2964,0
Normal-2965,0
Normal-2966,0
Normal-2967,0
Normal-2968,0
Normal-2969,0
Normal-297,0
Normal-2970,0
Normal-2971,0
Normal-2972,0
Normal-2973,0
Normal-2974,0
Normal-2975,0
Normal-2976,0
Normal-2977,0
Normal-2978,0
Normal-2979,0
Normal-298,0
Normal-2980,0
Normal-2981,0
Normal-2982,0
Normal-2983,0
Normal-2984,0
Normal-2985,0
Normal-2986,0
Normal-2987,0
Normal-2988,0
Normal-2989,0
Normal-299,0
Normal-2990,0
Normal-2991,0
Normal-2992,0
Normal-2993,0
Normal-2994,0
Normal-2995,0
Normal-2996,0
Normal-2997,0
Normal-2998,0
Normal-2999,0
Normal-3,0
Normal-30,0
Normal-300,0
Normal-3000,0
Normal-3001,0
Normal-3002,0
Normal-3003,0
Normal-3004,0
Normal-3005,0
Normal-3006,0
Normal-3007,0
Normal-3008,0
Normal-3009,0
Normal-301,0
Normal-3010,0
Normal-3011,0
Normal-3012,0
Normal-3013,0
Normal-3014,0
Normal-3015,0
Normal-3016,0
Normal-3017,0
Normal-3018,0
Normal-3019,0
Normal-302,0
Normal-3020,0
Normal-3021,0
Normal-3022,0
Normal-3023,0
Normal-3024,0
Normal-3025,0
Normal-3026,0
Normal-3027,0
Normal-3028,0
Normal-3029,0
Normal-303,0
Normal-3030,0
Normal-3031,0
Normal-3032,0
Normal-3033,0
Normal-3034,0
Normal-3035,0
Normal-3036,0
Normal-3037,0
Normal-3038,0
Normal-3039,0
Normal-304,0
Normal-3040,0
Normal-3041,0
Normal-3042,0
Normal-3043,0
Normal-3044,0
Normal-3045,0
Normal-3046,0
Normal-3047,0
Normal-3048,0
Normal-3049,0
Normal-305,0
Normal-3050,0
Normal-3051,0
Normal-3052,0
Normal-3053,0
Normal-3054,0
Normal-3055,0
Normal-3056,0
Normal-3057,0
Normal-3058,0
Normal-3059,0
Normal-306,0
Normal-3060,0
Normal-3061,0
Normal-3062,0
Normal-3063,0
Normal-3064,0
Normal-3065,0
Normal-3066,0
Normal-3067,0
Normal-3068,0
Normal-3069,0
Normal-307,0
Normal-3070,0
Normal-3071,0
Normal-3072,0
Normal-3073,0
Normal-3074,0
Normal-3075,0
Normal-3076,0
Normal-3077,0
Normal-3078,0
Normal-3079,0
Normal-308,0
Normal-3080,0
Normal-3081,0
Normal-3082,0
Normal-3083,0
Normal-3084,0
Normal-3085,0
Normal-3086,0
Normal-3087,0
Normal-3088,0
Normal-3089,0
Normal-309,0
Normal-3090,0
Normal-3091,0
Normal-3092,0
Normal-3093,0
Normal-3094,0
Normal-3095,0
Normal-3096,0
Normal-3097,0
Normal-3098,0
Normal-3099,0
Normal-31,0
Normal-310,0
Normal-3100,0
Normal-3101,0
Normal-3102,0
Normal-3103,0
Normal-3104,0
Normal-3105,0
Normal-3106,0
Normal-3107,0
Normal-3108,0
Normal-3109,0
Normal-311,0
Normal-3110,0
Normal-3111,0
Normal-3112,0
Normal-3113,0
Normal-3114,0
Normal-3115,0
Normal-3116,0
Normal-3117,0
Normal-3118,0
Normal-3119,0
Normal-312,0
Normal-3120,0
Normal-3121,0
Normal-3122,0
Normal-3123,0
Normal-3124,0
Normal-3125,0
Normal-3126,0
Normal-3127,0
Normal-3128,0
Normal-3129,0
Normal-313,0
Normal-3130,0
Normal-3131,0
Normal-3132,0
Normal-3133,0
Normal-3134,0
Normal-3135,0
Normal-3136,0
Normal-3137,0
Normal-3138,0
Normal-3139,0
Normal-314,0
Normal-3140,0
Normal-3141,0
Normal-3142,0
Normal-3143,0
Normal-3144,0
Normal-3145,0
Normal-3146,0
Normal-3147,0
Normal-3148,0
Normal-3149,0
Normal-315,0
Normal-3150,0
Normal-3151,0
Normal-3152,0
Normal-3153,0
Normal-3154,0
Normal-3155,0
Normal-3156,0
Normal-3157,0
Normal-3158,0
Normal-3159,0
Normal-316,0
Normal-3160,0
Normal-3161,0
Normal-3162,0
Normal-3163,0
Normal-3164,0
Normal-3165,0
Normal-3166,0
Normal-3167,0
Normal-3168,0
Normal-3169,0
Normal-317,0
Normal-3170,0
Normal-3171,0
Normal-3172,0
Normal-3173,0
Normal-3174,0
Normal-3175,0
Normal-3176,0
Normal-3177,0
Normal-3178,0
Normal-3179,0
Normal-318,0
Normal-3180,0
Normal-3181,0
Normal-3182,0
Normal-3183,0
Normal-3184,0
Normal-3185,0
Normal-3186,0
Normal-3187,0
Normal-3188,0
Normal-3189,0
Normal-319,0
Normal-3190,0
Normal-3191,0
Normal-3192,0
Normal-3193,0
Normal-3194,0
Normal-3195,0
Normal-3196,0
Normal-3197,0
Normal-3198,0
Normal-3199,0
Normal-32,0
Normal-320,0
Normal-3200,0
Normal-3201,0
Normal-3202,0
Normal-3203,0
Normal-3204,0
Normal-3205,0
Normal-3206,0
Normal-3207,0
Normal-3208,0
Normal-3209,0
Normal-321,0
Normal-3210,0
Normal-3211,0
Normal-3212,0
Normal-3213,0
Normal-3214,0
Normal-3215,0
Normal-3216,0
Normal-3217,0
Normal-3218,0
Normal-3219,0
Normal-322,0
Normal-3220,0
Normal-3221,0
Normal-3222,0
Normal-3223,0
Normal-3224,0
Normal-3225,0
Normal-3226,0
Normal-3227,0
Normal-3228,0
Normal-3229,0
Normal-323,0
Normal-3230,0
Normal-3231,0
Normal-3232,0
Normal-3233,0
Normal-3234,0
Normal-3235,0
Normal-3236,0
Normal-3237,0
Normal-3238,0
Normal-3239,0
Normal-324,0
Normal-3240,0
Normal-3241,0
Normal-3242,0
Normal-3243,0
Normal-3244,0
Normal-3245,0
Normal-3246,0
Normal-3247,0
Normal-3248,0
Normal-3249,0
Normal-325,0
Normal-3250,0
Normal-3251,0
Normal-3252,0
Normal-3253,0
Normal-3254,0
Normal-3255,0
Normal-3256,0
Normal-3257,0
Normal-3258,0
Normal-3259,0
Normal-326,0
Normal-3260,0
Normal-3261,0
Normal-3262,0
Normal-3263,0
Normal-3264,0
Normal-3265,0
Normal-3266,0
Normal-3267,0
Normal-3268,0
Normal-3269,0
Normal-327,0
Normal-3270,0
Normal-3271,0
Normal-3272,0
Normal-3273,0
Normal-3274,0
Normal-3275,0
Normal-3276,0
Normal-3277,0
Normal-3278,0
Normal-3279,0
Normal-328,0
Normal-3280,0
Normal-3281,0
Normal-3282,0
Normal-3283,0
Normal-3284,0
Normal-3285,0
Normal-3286,0
Normal-3287,0
Normal-3288,0
Normal-3289,0
Normal-329,0
Normal-3290,0
Normal-3291,0
Normal-3292,0
Normal-3293,0
Normal-3294,0
Normal-3295,0
Normal-3296,0
Normal-3297,0
Normal-3298,0
Normal-3299,0
Normal-33,0
Normal-330,0
Normal-3300,0
Normal-3301,0
Normal-3302,0
Normal-3303,0
Normal-3304,0
Normal-3305,0
Normal-3306,0
Normal-3307,0
Normal-3308,0
Normal-3309,0
Normal-331,0
Normal-3310,0
Normal-3311,0
Normal-3312,0
Normal-3313,0
Normal-3314,0
Normal-3315,0
Normal-3316,0
Normal-3317,0
Normal-3318,0
Normal-3319,0
Normal-332,0
Normal-3320,0
Normal-3321,0
Normal-3322,0
Normal-3323,0
Normal-3324,0
Normal-3325,0
Normal-3326,0
Normal-3327,0
Normal-3328,0
Normal-3329,0
Normal-333,0
Normal-3330,0
Normal-3331,0
Normal-3332,0
Normal-3333,0
Normal-3334,0
Normal-3335,0
Normal-3336,0
Normal-3337,0
Normal-3338,0
Normal-3339,0
Normal-334,0
Normal-3340,0
Normal-3341,0
Normal-3342,0
Normal-3343,0
Normal-3344,0
Normal-3345,0
Normal-3346,0
Normal-3347,0
Normal-3348,0
Normal-3349,0
Normal-335,0
Normal-3350,0
Normal-3351,0
Normal-3352,0
Normal-3353,0
Normal-3354,0
Normal-3355,0
Normal-3356,0
Normal-3357,0
Normal-3358,0
Normal-3359,0
Normal-336,0
Normal-3360,0
Normal-3361,0
Normal-3362,0
Normal-3363,0
Normal-3364,0
Normal-3365,0
Normal-3366,0
Normal-3367,0
Normal-3368,0
Normal-3369,0
Normal-337,0
Normal-3370,0
Normal-3371,0
Normal-3372,0
Normal-3373,0
Normal-3374,0
Normal-3375,0
Normal-3376,0
Normal-3377,0
Normal-3378,0
Normal-3379,0
Normal-338,0
Normal-3380,0
Normal-3381,0
Normal-3382,0
Normal-3383,0
Normal-3384,0
Normal-3385,0
Normal-3386,0
Normal-3387,0
Normal-3388,0
Normal-3389,0
Normal-339,0
Normal-3390,0
Normal-3391,0
Normal-3392,0
Normal-3393,0
Normal-3394,0
Normal-3395,0
Normal-3396,0
Normal-3397,0
Normal-3398,0
Normal-3399,0
Normal-34,0
Normal-340,0
Normal-3400,0
Normal-3401,0
Normal-3402,0
Normal-3403,0
Normal-3404,0
Normal-3405,0
Normal-3406,0
Normal-3407,0
Normal-3408,0
Normal-3409,0
Normal-341,0
Normal-3410,0
Normal-3411,0
Normal-3412,0
Normal-3413,0
Normal-3414,0
Normal-3415,0
Normal-3416,0
Normal-3417,0
Normal-3418,0
Normal-3419,0
Normal-342,0
Normal-3420,0
Normal-3421,0
Normal-3422,0
Normal-3423,0
Normal-3424,0
Normal-3425,0
Normal-3426,0
Normal-3427,0
Normal-3428,0
Normal-3429,0
Normal-343,0
Normal-3430,0
Normal-3431,0
Normal-3432,0
Normal-3433,0
Normal-3434,0
Normal-3435,0
Normal-3436,0
Normal-3437,0
Normal-3438,0
Normal-3439,0
Normal-344,0
Normal-3440,0
Normal-3441,0
Normal-3442,0
Normal-3443,0
Normal-3444,0
Normal-3445,0
Normal-3446,0
Normal-3447,0
Normal-3448,0
Normal-3449,0
Normal-345,0
Normal-3450,0
Normal-3451,0
Normal-3452,0
Normal-3453,0
Normal-3454,0
Normal-3455,0
Normal-3456,0
Normal-3457,0
Normal-3458,0
Normal-3459,0
Normal-346,0
Normal-3460,0
Normal-3461,0
Normal-3462,0
Normal-3463,0
Normal-3464,0
Normal-3465,0
Normal-3466,0
Normal-3467,0
Normal-3468,0
Normal-3469,0
Normal-347,0
Normal-3470,0
Normal-3471,0
Normal-3472,0
Normal-3473,0
Normal-3474,0
Normal-3475,0
Normal-3476,0
Normal-3477,0
Normal-3478,0
Normal-3479,0
Normal-348,0
Normal-3480,0
Normal-3481,0
Normal-3482,0
Normal-3483,0
Normal-3484,0
Normal-3485,0
Normal-3486,0
Normal-3487,0
Normal-3488,0
Normal-3489,0
Normal-349,0
Normal-3490,0
Normal-3491,0
Normal-3492,0
Normal-3493,0
Normal-3494,0
Normal-3495,0
Normal-3496,0
Normal-3497,0
Normal-3498,0
Normal-3499,0
Normal-35,0
Normal-350,0
Normal-3500,0
Normal-351,0
Normal-352,0
Normal-353,0
Normal-354,0
Normal-355,0
Normal-356,0
Normal-357,0
Normal-358,0
Normal-359,0
Normal-36,0
Normal-360,0
Normal-361,0
Normal-362,0
Normal-363,0
Normal-364,0
Normal-365,0
Normal-366,0
Normal-367,0
Normal-368,0
Normal-369,0
Normal-37,0
Normal-370,0
Normal-371,0
Normal-372,0
Normal-373,0
Normal-374,0
Normal-375,0
Normal-376,0
Normal-377,0
Normal-378,0
Normal-379,0
Normal-38,0
Normal-380,0
Normal-381,0
Normal-382,0
Normal-383,0
Normal-384,0
Normal-385,0
Normal-386,0
Normal-387,0
Normal-388,0
Normal-389,0
Normal-39,0
Normal-390,0
Normal-391,0
Normal-392,0
Normal-393,0
Normal-394,0
Normal-395,0
Normal-396,0
Normal-397,0
Normal-398,0
Normal-399,0
Normal-4,0
Normal-40,0
Normal-400,0
Normal-401,0
Normal-402,0
Normal-403,0
Normal-404,0
Normal-405,0
Normal-406,0
Normal-407,0
Normal-408,0
Normal-409,0
Normal-41,0
Normal-410,0
Normal-411,0
Normal-412,0
Normal-413,0
Normal-414,0
Normal-415,0
Normal-416,0
Normal-417,0
Normal-418,0
Normal-419,0
Normal-42,0
Normal-420,0
Normal-421,0
Normal-422,0
Normal-423,0
Normal-424,0
Normal-425,0
Normal-426,0
Normal-427,0
Normal-428,0
Normal-429,0
Normal-43,0
Normal-430,0
Normal-431,0
Normal-432,0
Normal-433,0
Normal-434,0
Normal-435,0
Normal-436,0
Normal-437,0
Normal-438,0
Normal-439,0
Normal-44,0
Normal-440,0
Normal-441,0
Normal-442,0
Normal-443,0
Normal-444,0
Normal-445,0
Normal-446,0
Normal-447,0
Normal-448,0
Normal-449,0
Normal-45,0
Normal-450,0
Normal-451,0
Normal-452,0
Normal-453,0
Normal-454,0
Normal-455,0
Normal-456,0
Normal-457,0
Normal-458,0
Normal-459,0
Normal-46,0
Normal-460,0
Normal-461,0
Normal-462,0
Normal-463,0
Normal-464,0
Normal-465,0
Normal-466,0
Normal-467,0
Normal-468,0
Normal-469,0
Normal-47,0
Normal-470,0
Normal-471,0
Normal-472,0
Normal-473,0
Normal-474,0
Normal-475,0
Normal-476,0
Normal-477,0
Normal-478,0
Normal-479,0
Normal-48,0
Normal-480,0
Normal-481,0
Normal-482,0
Normal-483,0
Normal-484,0
Normal-485,0
Normal-486,0
Normal-487,0
Normal-488,0
Normal-489,0
Normal-49,0
Normal-490,0
Normal-491,0
Normal-492,0
Normal-493,0
Normal-494,0
Normal-495,0
Normal-496,0
Normal-497,0
Normal-498,0
Normal-499,0
Normal-5,0
Normal-50,0
Normal-500,0
Normal-501,0
Normal-502,0
Normal-503,0
Normal-504,0
Normal-505,0
Normal-506,0
Normal-507,0
Normal-508,0
Normal-509,0
Normal-51,0
Normal-510,0
Normal-511,0
Normal-512,0
Normal-513,0
Normal-514,0
Normal-515,0
Normal-516,0
Normal-517,0
Normal-518,0
Normal-519,0
Normal-52,0
Normal-520,0
Normal-521,0
Normal-522,0
Normal-523,0
Normal-524,0
Normal-525,0
Normal-526,0
Normal-527,0
Normal-528,0
Normal-529,0
Normal-53,0
Normal-530,0
Normal-531,0
Normal-532,0
Normal-533,0
Normal-534,0
Normal-535,0
Normal-536,0
Normal-537,0
Normal-538,0
Normal-539,0
Normal-54,0
Normal-540,0
Normal-541,0
Normal-542,0
Normal-543,0
Normal-544,0
Normal-545,0
Normal-546,0
Normal-547,0
Normal-548,0
Normal-549,0
Normal-55,0
Normal-550,0
Normal-551,0
Normal-552,0
Normal-553,0
Normal-554,0
Normal-555,0
Normal-556,0
Normal-557,0
Normal-558,0
Normal-559,0
Normal-56,0
Normal-560,0
Normal-561,0
Normal-562,0
Normal-563,0
Normal-564,0
Normal-565,0
Normal-566,0
Normal-567,0
Normal-568,0
Normal-569,0
Normal-57,0
Normal-570,0
Normal-571,0
Normal-572,0
Normal-573,0
Normal-574,0
Normal-575,0
Normal-576,0
Normal-577,0
Normal-578,0
Normal-579,0
Normal-58,0
Normal-580,0
Normal-581,0
Normal-582,0
Normal-583,0
Normal-584,0
Normal-585,0
Normal-586,0
Normal-587,0
Normal-588,0
Normal-589,0
Normal-59,0
Normal-590,0
Normal-591,0
Normal-592,0
Normal-593,0
Normal-594,0
Normal-595,0
Normal-596,0
Normal-597,0
Normal-598,0
Normal-599,0
Normal-6,0
Normal-60,0
Normal-600,0
Normal-601,0
Normal-602,0
Normal-603,0
Normal-604,0
Normal-605,0
Normal-606,0
Normal-607,0
Normal-608,0
Normal-609,0
Normal-61,0
Normal-610,0
Normal-611,0
Normal-612,0
Normal-613,0
Normal-614,0
Normal-615,0
Normal-616,0
Normal-617,0
Normal-618,0
Normal-619,0
Normal-62,0
Normal-620,0
Normal-621,0
Normal-622,0
Normal-623,0
Normal-624,0
Normal-625,0
Normal-626,0
Normal-627,0
Normal-628,0
Normal-629,0
Normal-63,0
Normal-630,0
Normal-631,0
Normal-632,0
Normal-633,0
Normal-634,0
Normal-635,0
Normal-636,0
Normal-637,0
Normal-638,0
Normal-639,0
Normal-64,0
Normal-640,0
Normal-641,0
Normal-642,0
Normal-643,0
Normal-644,0
Normal-645,0
Normal-646,0
Normal-647,0
Normal-648,0
Normal-649,0
Normal-65,0
Normal-650,0
Normal-651,0
Normal-652,0
Normal-653,0
Normal-654,0
Normal-655,0
Normal-656,0
Normal-657,0
Normal-658,0
Normal-659,0
Normal-66,0
Normal-660,0
Normal-661,0
Normal-662,0
Normal-663,0
Normal-664,0
Normal-665,0
Normal-666,0
Normal-667,0
Normal-668,0
Normal-669,0
Normal-67,0
Normal-670,0
Normal-671,0
Normal-672,0
Normal-673,0
Normal-674,0
Normal-675,0
Normal-676,0
Normal-677,0
Normal-678,0
Normal-679,0
Normal-68,0
Normal-680,0
Normal-681,0
Normal-682,0
Normal-683,0
Normal-684,0
Normal-685,0
Normal-686,0
Normal-687,0
Normal-688,0
Normal-689,0
Normal-69,0
Normal-690,0
Normal-691,0
Normal-692,0
Normal-693,0
Normal-694,0
Normal-695,0
Normal-696,0
Normal-697,0
Normal-698,0
Normal-699,0
Normal-7,0
Normal-70,0
Normal-700,0
Normal-701,0
Normal-702,0
Normal-703,0
Normal-704,0
Normal-705,0
Normal-706,0
Normal-707,0
Normal-708,0
Normal-709,0
Normal-71,0
Normal-710,0
Normal-711,0
Normal-712,0
Normal-713,0
Normal-714,0
Normal-715,0
Normal-716,0
Normal-717,0
Normal-718,0
Normal-719,0
Normal-72,0
Normal-720,0
Normal-721,0
Normal-722,0
Normal-723,0
Normal-724,0
Normal-725,0
Normal-726,0
Normal-727,0
Normal-728,0
Normal-729,0
Normal-73,0
Normal-730,0
Normal-731,0
Normal-732,0
Normal-733,0
Normal-734,0
Normal-735,0
Normal-736,0
Normal-737,0
Normal-738,0
Normal-739,0
Normal-74,0
Normal-740,0
Normal-741,0
Normal-742,0
Normal-743,0
Normal-744,0
Normal-745,0
Normal-746,0
Normal-747,0
Normal-748,0
Normal-749,0
Normal-75,0
Normal-750,0
Normal-751,0
Normal-752,0
Normal-753,0
Normal-754,0
Normal-755,0
Normal-756,0
Normal-757,0
Normal-758,0
Normal-759,0
Normal-76,0
Normal-760,0
Normal-761,0
Normal-762,0
Normal-763,0
Normal-764,0
Normal-765,0
Normal-766,0
Normal-767,0
Normal-768,0
Normal-769,0
Normal-77,0
Normal-770,0
Normal-771,0
Normal-772,0
Normal-773,0
Normal-774,0
Normal-775,0
Normal-776,0
Normal-777,0
Normal-778,0
Normal-779,0
Normal-78,0
Normal-780,0
Normal-781,0
Normal-782,0
Normal-783,0
Normal-784,0
Normal-785,0
Normal-786,0
Normal-787,0
Normal-788,0
Normal-789,0
Normal-79,0
Normal-790,0
Normal-791,0
Normal-792,0
Normal-793,0
Normal-794,0
Normal-795,0
Normal-796,0
Normal-797,0
Normal-798,0
Normal-799,0
Normal-8,0
Normal-80,0
Normal-800,0
Normal-801,0
Normal-802,0
Normal-803,0
Normal-804,0
Normal-805,0
Normal-806,0
Normal-807,0
Normal-808,0
Normal-809,0
Normal-81,0
Normal-810,0
Normal-811,0
Normal-812,0
Normal-813,0
Normal-814,0
Normal-815,0
Normal-816,0
Normal-817,0
Normal-818,0
Normal-819,0
Normal-82,0
Normal-820,0
Normal-821,0
Normal-822,0
Normal-823,0
Normal-824,0
Normal-825,0
Normal-826,0
Normal-827,0
Normal-828,0
Normal-829,0
Normal-83,0
Normal-830,0
Normal-831,0
Normal-832,0
Normal-833,0
Normal-834,0
Normal-835,0
Normal-836,0
Normal-837,0
Normal-838,0
Normal-839,0
Normal-84,0
Normal-840,0
Normal-841,0
Normal-842,0
Normal-843,0
Normal-844,0
Normal-845,0
Normal-846,0
Normal-847,0
Normal-848,0
Normal-849,0
Normal-85,0
Normal-850,0
Normal-851,0
Normal-852,0
Normal-853,0
Normal-854,0
Normal-855,0
Normal-856,0
Normal-857,0
Normal-858,0
Normal-859,0
Normal-86,0
Normal-860,0
Normal-861,0
Normal-862,0
Normal-863,0
Normal-864,0
Normal-865,0
Normal-866,0
Normal-867,0
Normal-868,0
Normal-869,0
Normal-87,0
Normal-870,0
Normal-871,0
Normal-872,0
Normal-873,0
Normal-874,0
Normal-875,0
Normal-876,0
Normal-877,0
Normal-878,0
Normal-879,0
Normal-88,0
Normal-880,0
Normal-881,0
Normal-882,0
Normal-883,0
Normal-884,0
Normal-885,0
Normal-886,0
Normal-887,0
Normal-888,0
Normal-889,0
Normal-89,0
Normal-890,0
Normal-891,0
Normal-892,0
Normal-893,0
Normal-894,0
Normal-895,0
Normal-896,0
Normal-897,0
Normal-898,0
Normal-899,0
Normal-9,0
Normal-90,0
Normal-900,0
Normal-901,0
Normal-902,0
Normal-903,0
Normal-904,0
Normal-905,0
Normal-906,0
Normal-907,0
Normal-908,0
Normal-909,0
Normal-91,0
Normal-910,0
Normal-911,0
Normal-912,0
Normal-913,0
Normal-914,0
Normal-915,0
Normal-916,0
Normal-917,0
Normal-918,0
Normal-919,0
Normal-92,0
Normal-920,0
Normal-921,0
Normal-922,0
Normal-923,0
Normal-924,0
Normal-925,0
Normal-926,0
Normal-927,0
Normal-928,0
Normal-929,0
Normal-93,0
Normal-930,0
Normal-931,0
Normal-932,0
Normal-933,0
Normal-934,0
Normal-935,0
Normal-936,0
Normal-937,0
Normal-938,0
Normal-939,0
Normal-94,0
Normal-940,0
Normal-941,0
Normal-942,0
Normal-943,0
Normal-944,0
Normal-945,0
Normal-946,0
Normal-947,0
Normal-948,0
Normal-949,0
Normal-95,0
Normal-950,0
Normal-951,0
Normal-952,0
Normal-953,0
Normal-954,0
Normal-955,0
Normal-956,0
Normal-957,0
Normal-958,0
Normal-959,0
Normal-96,0
Normal-960,0
Normal-961,0
Normal-962,0
Normal-963,0
Normal-964,0
Normal-965,0
Normal-966,0
Normal-967,0
Normal-968,0
Normal-969,0
Normal-97,0
Normal-970,0
Normal-971,0
Normal-972,0
Normal-973,0
Normal-974,0
Normal-975,0
Normal-976,0
Normal-977,0
Normal-978,0
Normal-979,0
Normal-98,0
Normal-980,0
Normal-981,0
Normal-982,0
Normal-983,0
Normal-984,0
Normal-985,0
Normal-986,0
Normal-987,0
Normal-988,0
Normal-989,0
Normal-99,0
Normal-990,0
Normal-991,0
Normal-992,0
Normal-993,0
Normal-994,0
Normal-995,0
Normal-996,0
Normal-997,0
Normal-998,0
Normal-999,0
Tuberculosis-1,1
Tuberculosis-10,1
Tuberculosis-100,1
Tuberculosis-101,1
Tuberculosis-102,1
Tuberculosis-103,1
Tuberculosis-104,1
Tuberculosis-105,1
Tuberculosis-106,1
Tuberculosis-107,1
Tuberculosis-108,1
Tuberculosis-109,1
Tuberculosis-11,1
Tuberculosis-110,1
Tuberculosis-111,1
Tuberculosis-112,1
Tuberculosis-113,1
Tuberculosis-114,1
Tuberculosis-115,1
Tuberculosis-116,1
Tuberculosis-117,1
Tuberculosis-118,1
Tuberculosis-119,1
Tuberculosis-12,1
Tuberculosis-120,1
Tuberculosis-121,1
Tuberculosis-122,1
Tuberculosis-123,1
Tuberculosis-124,1
Tuberculosis-125,1
Tuberculosis-126,1
Tuberculosis-127,1
Tuberculosis-128,1
Tuberculosis-129,1
Tuberculosis-13,1
Tuberculosis-130,1
Tuberculosis-131,1
Tuberculosis-132,1
Tuberculosis-133,1
Tuberculosis-134,1
Tuberculosis-135,1
Tuberculosis-136,1
Tuberculosis-137,1
Tuberculosis-138,1
Tuberculosis-139,1
Tuberculosis-14,1
Tuberculosis-140,1
Tuberculosis-141,1
Tuberculosis-142,1
Tuberculosis-143,1
Tuberculosis-144,1
Tuberculosis-145,1
Tuberculosis-146,1
Tuberculosis-147,1
Tuberculosis-148,1
Tuberculosis-149,1
Tuberculosis-15,1
Tuberculosis-150,1
Tuberculosis-151,1
Tuberculosis-152,1
Tuberculosis-153,1
Tuberculosis-154,1
Tuberculosis-155,1
Tuberculosis-156,1
Tuberculosis-157,1
Tuberculosis-158,1
Tuberculosis-159,1
Tuberculosis-16,1
Tuberculosis-160,1
Tuberculosis-161,1
Tuberculosis-162,1
Tuberculosis-163,1
Tuberculosis-164,1
Tuberculosis-165,1
Tuberculosis-166,1
Tuberculosis-167,1
Tuberculosis-168,1
Tuberculosis-169,1
Tuberculosis-17,1
Tuberculosis-170,1
Tuberculosis-171,1
Tuberculosis-172,1
Tuberculosis-173,1
Tuberculosis-174,1
Tuberculosis-175,1
Tuberculosis-176,1
Tuberculosis-177,1
Tuberculosis-178,1
Tuberculosis-179,1
Tuberculosis-18,1
Tuberculosis-180,1
Tuberculosis-181,1
Tuberculosis-182,1
Tuberculosis-183,1
Tuberculosis-184,1
Tuberculosis-185,1
Tuberculosis-186,1
Tuberculosis-187,1
Tuberculosis-188,1
Tuberculosis-189,1
Tuberculosis-19,1
Tuberculosis-190,1
Tuberculosis-191,1
Tuberculosis-192,1
Tuberculosis-193,1
Tuberculosis-194,1
Tuberculosis-195,1
Tuberculosis-196,1
Tuberculosis-197,1
Tuberculosis-198,1
Tuberculosis-199,1
Tuberculosis-2,1
Tuberculosis-20,1
Tuberculosis-200,1
Tuberculosis-201,1
Tuberculosis-202,1
Tuberculosis-203,1
Tuberculosis-204,1
Tuberculosis-205,1
Tuberculosis-206,1
Tuberculosis-207,1
Tuberculosis-208,1
Tuberculosis-209,1
Tuberculosis-21,1
Tuberculosis-210,1
Tuberculosis-211,1
Tuberculosis-212,1
Tuberculosis-213,1
Tuberculosis-214,1
Tuberculosis-215,1
Tuberculosis-216,1
Tuberculosis-217,1
Tuberculosis-218,1
Tuberculosis-219,1
Tuberculosis-22,1
Tuberculosis-220,1
Tuberculosis-221,1
Tuberculosis-222,1
Tuberculosis-223,1
Tuberculosis-224,1
Tuberculosis-225,1
Tuberculosis-226,1
Tuberculosis-227,1
Tuberculosis-228,1
Tuberculosis-229,1
Tuberculosis-23,1
Tuberculosis-230,1
Tuberculosis-231,1
Tuberculosis-232,1
Tuberculosis-233,1
Tuberculosis-234,1
Tuberculosis-235,1
Tuberculosis-236,1
Tuberculosis-237,1
Tuberculosis-238,1
Tuberculosis-239,1
Tuberculosis-24,1
Tuberculosis-240,1
Tuberculosis-241,1
Tuberculosis-242,1
Tuberculosis-243,1
Tuberculosis-244,1
Tuberculosis-245,1
Tuberculosis-246,1
Tuberculosis-247,1
Tuberculosis-248,1
Tuberculosis-249,1
Tuberculosis-25,1
Tuberculosis-250,1
Tuberculosis-251,1
Tuberculosis-252,1
Tuberculosis-253,1
Tuberculosis-254,1
Tuberculosis-255,1
Tuberculosis-256,1
Tuberculosis-257,1
Tuberculosis-258,1
Tuberculosis-259,1
Tuberculosis-26,1
Tuberculosis-260,1
Tuberculosis-261,1
Tuberculosis-262,1
Tuberculosis-263,1
Tuberculosis-264,1
Tuberculosis-265,1
Tuberculosis-266,1
Tuberculosis-267,1
Tuberculosis-268,1
Tuberculosis-269,1
Tuberculosis-27,1
Tuberculosis-270,1
Tuberculosis-271,1
Tuberculosis-272,1
Tuberculosis-273,1
Tuberculosis-274,1
Tuberculosis-275,1
Tuberculosis-276,1
Tuberculosis-277,1
Tuberculosis-278,1
Tuberculosis-279,1
Tuberculosis-28,1
Tuberculosis-280,1
Tuberculosis-281,1
Tuberculosis-282,1
Tuberculosis-283,1
Tuberculosis-284,1
Tuberculosis-285,1
Tuberculosis-286,1
Tuberculosis-287,1
Tuberculosis-288,1
Tuberculosis-289,1
Tuberculosis-29,1
Tuberculosis-290,1
Tuberculosis-291,1
Tuberculosis-292,1
Tuberculosis-293,1
Tuberculosis-294,1
Tuberculosis-295,1
Tuberculosis-296,1
Tuberculosis-297,1
Tuberculosis-298,1
Tuberculosis-299,1
Tuberculosis-3,1
Tuberculosis-30,1
Tuberculosis-300,1
Tuberculosis-301,1
Tuberculosis-302,1
Tuberculosis-303,1
Tuberculosis-304,1
Tuberculosis-305,1
Tuberculosis-306,1
Tuberculosis-307,1
Tuberculosis-308,1
Tuberculosis-309,1
Tuberculosis-31,1
Tuberculosis-310,1
Tuberculosis-311,1
Tuberculosis-312,1
Tuberculosis-313,1
Tuberculosis-314,1
Tuberculosis-315,1
Tuberculosis-316,1
Tuberculosis-317,1
Tuberculosis-318,1
Tuberculosis-319,1
Tuberculosis-32,1
Tuberculosis-320,1
Tuberculosis-321,1
Tuberculosis-322,1
Tuberculosis-323,1
Tuberculosis-324,1
Tuberculosis-325,1
Tuberculosis-326,1
Tuberculosis-327,1
Tuberculosis-328,1
Tuberculosis-329,1
Tuberculosis-33,1
Tuberculosis-330,1
Tuberculosis-331,1
Tuberculosis-332,1
Tuberculosis-333,1
Tuberculosis-334,1
Tuberculosis-335,1
Tuberculosis-336,1
Tuberculosis-337,1
Tuberculosis-338,1
Tuberculosis-339,1
Tuberculosis-34,1
Tuberculosis-340,1
Tuberculosis-341,1
Tuberculosis-342,1
Tuberculosis-343,1
Tuberculosis-344,1
Tuberculosis-345,1
Tuberculosis-346,1
Tuberculosis-347,1
Tuberculosis-348,1
Tuberculosis-349,1
Tuberculosis-35,1
Tuberculosis-350,1
Tuberculosis-351,1
Tuberculosis-352,1
Tuberculosis-353,1
Tuberculosis-354,1
Tuberculosis-355,1
Tuberculosis-356,1
Tuberculosis-357,1
Tuberculosis-358,1
Tuberculosis-359,1
Tuberculosis-36,1
Tuberculosis-360,1
Tuberculosis-361,1
Tuberculosis-362,1
Tuberculosis-363,1
Tuberculosis-364,1
Tuberculosis-365,1
Tuberculosis-366,1
Tuberculosis-367,1
Tuberculosis-368,1
Tuberculosis-369,1
Tuberculosis-37,1
Tuberculosis-370,1
Tuberculosis-371,1
Tuberculosis-372,1
Tuberculosis-373,1
Tuberculosis-374,1
Tuberculosis-375,1
Tuberculosis-376,1
Tuberculosis-377,1
Tuberculosis-378,1
Tuberculosis-379,1
Tuberculosis-38,1
Tuberculosis-380,1
Tuberculosis-381,1
Tuberculosis-382,1
Tuberculosis-383,1
Tuberculosis-384,1
Tuberculosis-385,1
Tuberculosis-386,1
Tuberculosis-387,1
Tuberculosis-388,1
Tuberculosis-389,1
Tuberculosis-39,1
Tuberculosis-390,1
Tuberculosis-391,1
Tuberculosis-392,1
Tuberculosis-393,1
Tuberculosis-394,1
Tuberculosis-395,1
Tuberculosis-396,1
Tuberculosis-397,1
Tuberculosis-398,1
Tuberculosis-399,1
Tuberculosis-4,1
Tuberculosis-40,1
Tuberculosis-400,1
Tuberculosis-401,1
Tuberculosis-402,1
Tuberculosis-403,1
Tuberculosis-404,1
Tuberculosis-405,1
Tuberculosis-406,1
Tuberculosis-407,1
Tuberculosis-408,1
Tuberculosis-409,1
Tuberculosis-41,1
Tuberculosis-410,1
Tuberculosis-411,1
Tuberculosis-412,1
Tuberculosis-413,1
Tuberculosis-414,1
Tuberculosis-415,1
Tuberculosis-416,1
Tuberculosis-417,1
Tuberculosis-418,1
Tuberculosis-419,1
Tuberculosis-42,1
Tuberculosis-420,1
Tuberculosis-421,1
Tuberculosis-422,1
Tuberculosis-423,1
Tuberculosis-424,1
Tuberculosis-425,1
Tuberculosis-426,1
Tuberculosis-427,1
Tuberculosis-428,1
Tuberculosis-429,1
Tuberculosis-43,1
Tuberculosis-430,1
Tuberculosis-431,1
Tuberculosis-432,1
Tuberculosis-433,1
Tuberculosis-434,1
Tuberculosis-435,1
Tuberculosis-436,1
Tuberculosis-437,1
Tuberculosis-438,1
Tuberculosis-439,1
Tuberculosis-44,1
Tuberculosis-440,1
Tuberculosis-441,1
Tuberculosis-442,1
Tuberculosis-443,1
Tuberculosis-444,1
Tuberculosis-445,1
Tuberculosis-446,1
Tuberculosis-447,1
Tuberculosis-448,1
Tuberculosis-449,1
Tuberculosis-45,1
Tuberculosis-450,1
Tuberculosis-451,1
Tuberculosis-452,1
Tuberculosis-453,1
Tuberculosis-454,1
Tuberculosis-455,1
Tuberculosis-456,1
Tuberculosis-457,1
Tuberculosis-458,1
Tuberculosis-459,1
Tuberculosis-46,1
Tuberculosis-460,1
Tuberculosis-461,1
Tuberculosis-462,1
Tuberculosis-463,1
Tuberculosis-464,1
Tuberculosis-465,1
Tuberculosis-466,1
Tuberculosis-467,1
Tuberculosis-468,1
Tuberculosis-469,1
Tuberculosis-47,1
Tuberculosis-470,1
Tuberculosis-471,1
Tuberculosis-472,1
Tuberculosis-473,1
Tuberculosis-474,1
Tuberculosis-475,1
Tuberculosis-476,1
Tuberculosis-477,1
Tuberculosis-478,1
Tuberculosis-479,1
Tuberculosis-48,1
Tuberculosis-480,1
Tuberculosis-481,1
Tuberculosis-482,1
Tuberculosis-483,1
Tuberculosis-484,1
Tuberculosis-485,1
Tuberculosis-486,1
Tuberculosis-487,1
Tuberculosis-488,1
Tuberculosis-489,1
Tuberculosis-49,1
Tuberculosis-490,1
Tuberculosis-491,1
Tuberculosis-492,1
Tuberculosis-493,1
Tuberculosis-494,1
Tuberculosis-495,1
Tuberculosis-496,1
Tuberculosis-497,1
Tuberculosis-498,1
Tuberculosis-499,1
Tuberculosis-5,1
Tuberculosis-50,1
Tuberculosis-500,1
Tuberculosis-501,1
Tuberculosis-502,1
Tuberculosis-503,1
Tuberculosis-504,1
Tuberculosis-505,1
Tuberculosis-506,1
Tuberculosis-507,1
Tuberculosis-508,1
Tuberculosis-509,1
Tuberculosis-51,1
Tuberculosis-510,1
Tuberculosis-511,1
Tuberculosis-512,1
Tuberculosis-513,1
Tuberculosis-514,1
Tuberculosis-515,1
Tuberculosis-516,1
Tuberculosis-517,1
Tuberculosis-518,1
Tuberculosis-519,1
Tuberculosis-52,1
Tuberculosis-520,1
Tuberculosis-521,1
Tuberculosis-522,1
Tuberculosis-523,1
Tuberculosis-524,1
Tuberculosis-525,1
Tuberculosis-526,1
Tuberculosis-527,1
Tuberculosis-528,1
Tuberculosis-529,1
Tuberculosis-53,1
Tuberculosis-530,1
Tuberculosis-531,1
Tuberculosis-532,1
Tuberculosis-533,1
Tuberculosis-534,1
Tuberculosis-535,1
Tuberculosis-536,1
Tuberculosis-537,1
Tuberculosis-538,1
Tuberculosis-539,1
Tuberculosis-54,1
Tuberculosis-540,1
Tuberculosis-541,1
Tuberculosis-542,1
Tuberculosis-543,1
Tuberculosis-544,1
Tuberculosis-545,1
Tuberculosis-546,1
Tuberculosis-547,1
Tuberculosis-548,1
Tuberculosis-549,1
Tuberculosis-55,1
Tuberculosis-550,1
Tuberculosis-551,1
Tuberculosis-552,1
Tuberculosis-553,1
Tuberculosis-554,1
Tuberculosis-555,1
Tuberculosis-556,1
Tuberculosis-557,1
Tuberculosis-558,1
Tuberculosis-559,1
Tuberculosis-56,1
Tuberculosis-560,1
Tuberculosis-561,1
Tuberculosis-562,1
Tuberculosis-563,1
Tuberculosis-564,1
Tuberculosis-565,1
Tuberculosis-566,1
Tuberculosis-567,1
Tuberculosis-568,1
Tuberculosis-569,1
Tuberculosis-57,1
Tuberculosis-570,1
Tuberculosis-571,1
Tuberculosis-572,1
Tuberculosis-573,1
Tuberculosis-574,1
Tuberculosis-575,1
Tuberculosis-576,1
Tuberculosis-577,1
Tuberculosis-578,1
Tuberculosis-579,1
Tuberculosis-58,1
Tuberculosis-580,1
Tuberculosis-581,1
Tuberculosis-582,1
Tuberculosis-583,1
Tuberculosis-584,1
Tuberculosis-585,1
Tuberculosis-586,1
Tuberculosis-587,1
Tuberculosis-588,1
Tuberculosis-589,1
Tuberculosis-59,1
Tuberculosis-590,1
Tuberculosis-591,1
Tuberculosis-592,1
Tuberculosis-593,1
Tuberculosis-594,1
Tuberculosis-595,1
Tuberculosis-596,1
Tuberculosis-597,1
Tuberculosis-598,1
Tuberculosis-599,1
Tuberculosis-6,1
Tuberculosis-60,1
Tuberculosis-600,1
Tuberculosis-601,1
Tuberculosis-602,1
Tuberculosis-603,1
Tuberculosis-604,1
Tuberculosis-605,1
Tuberculosis-606,1
Tuberculosis-607,1
Tuberculosis-608,1
Tuberculosis-609,1
Tuberculosis-61,1
Tuberculosis-610,1
Tuberculosis-611,1
Tuberculosis-612,1
Tuberculosis-613,1
Tuberculosis-614,1
Tuberculosis-615,1
Tuberculosis-616,1
Tuberculosis-617,1
Tuberculosis-618,1
Tuberculosis-619,1
Tuberculosis-62,1
Tuberculosis-620,1
Tuberculosis-621,1
Tuberculosis-622,1
Tuberculosis-623,1
Tuberculosis-624,1
Tuberculosis-625,1
Tuberculosis-626,1
Tuberculosis-627,1
Tuberculosis-628,1
Tuberculosis-629,1
Tuberculosis-63,1
Tuberculosis-630,1
Tuberculosis-631,1
Tuberculosis-632,1
Tuberculosis-633,1
Tuberculosis-634,1
Tuberculosis-635,1
Tuberculosis-636,1
Tuberculosis-637,1
Tuberculosis-638,1
Tuberculosis-639,1
Tuberculosis-64,1
Tuberculosis-640,1
Tuberculosis-641,1
Tuberculosis-642,1
Tuberculosis-643,1
Tuberculosis-644,1
Tuberculosis-645,1
Tuberculosis-646,1
Tuberculosis-647,1
Tuberculosis-648,1
Tuberculosis-649,1
Tuberculosis-65,1
Tuberculosis-650,1
Tuberculosis-651,1
Tuberculosis-652,1
Tuberculosis-653,1
Tuberculosis-654,1
Tuberculosis-655,1
Tuberculosis-656,1
Tuberculosis-657,1
Tuberculosis-658,1
Tuberculosis-659,1
Tuberculosis-66,1
Tuberculosis-660,1
Tuberculosis-661,1
Tuberculosis-662,1
Tuberculosis-663,1
Tuberculosis-664,1
Tuberculosis-665,1
Tuberculosis-666,1
Tuberculosis-667,1
Tuberculosis-668,1
Tuberculosis-669,1
Tuberculosis-67,1
Tuberculosis-670,1
Tuberculosis-671,1
Tuberculosis-672,1
Tuberculosis-673,1
Tuberculosis-674,1
Tuberculosis-675,1
Tuberculosis-676,1
Tuberculosis-677,1
Tuberculosis-678,1
Tuberculosis-679,1
Tuberculosis-68,1
Tuberculosis-680,1
Tuberculosis-681,1
Tuberculosis-682,1
Tuberculosis-683,1
Tuberculosis-684,1
Tuberculosis-685,1
Tuberculosis-686,1
Tuberculosis-687,1
Tuberculosis-688,1
Tuberculosis-689,1
Tuberculosis-69,1
Tuberculosis-690,1
Tuberculosis-691,1
Tuberculosis-692,1
Tuberculosis-693,1
Tuberculosis-694,1
Tuberculosis-695,1
Tuberculosis-696,1
Tuberculosis-697,1
Tuberculosis-698,1
Tuberculosis-699,1
Tuberculosis-7,1
Tuberculosis-70,1
Tuberculosis-700,1
Tuberculosis-71,1
Tuberculosis-72,1
Tuberculosis-73,1
Tuberculosis-74,1
Tuberculosis-75,1
Tuberculosis-76,1
Tuberculosis-77,1
Tuberculosis-78,1
Tuberculosis-79,1
Tuberculosis-8,1
Tuberculosis-80,1
Tuberculosis-81,1
Tuberculosis-82,1
Tuberculosis-83,1
Tuberculosis-84,1
Tuberculosis-85,1
Tuberculosis-86,1
Tuberculosis-87,1
Tuberculosis-88,1
Tuberculosis-89,1
Tuberculosis-9,1
Tuberculosis-90,1
Tuberculosis-91,1
Tuberculosis-92,1
Tuberculosis-93,1
Tuberculosis-94,1
Tuberculosis-95,1
Tuberculosis-96,1
Tuberculosis-97,1
Tuberculosis-98,1
Tuberculosis-99,1
